{
  "runs": 20,
  "stages": {
    "synth_clip_ms": {
      "p50_ms": 0.33893399995577056,
      "p95_ms": 1.7903050969835037
    },
    "synth_audio_ms": {
      "p50_ms": 0.22788749993196689,
      "p95_ms": 0.9358820008856129
    },
    "vad_ms": {
      "p50_ms": 3.528752999045537,
      "p95_ms": 4.509928550578479
    },
    "asr_ms": {
      "p50_ms": 0.12004799827991519,
      "p95_ms": 0.43847335091413947
    },
    "keyframe_ms": {
      "p50_ms": 31.754675499541918,
      "p95_ms": 34.98013634907693
    },
    "fusion_audio_ms": {
      "p50_ms": 0.0069899997470201924,
      "p95_ms": 0.008955349221650978
    },
    "fusion_vision_ms": {
      "p50_ms": 0.0007515027391491458,
      "p95_ms": 0.0013257973478175708
    },
    "fusion_gate_ms": {
      "p50_ms": 0.025512501451885328,
      "p95_ms": 0.037401852932816844
    },
    "fsm_ms": {
      "p50_ms": 0.00548550087842159,
      "p95_ms": 0.008878299195203
    },
    "caption_ms": {
      "p50_ms": 43.512322999959,
      "p95_ms": 48.49275405067601
    },
    "tts_ms": {
      "p50_ms": 1.2491394991229754,
      "p95_ms": 1.5344165523856645
    }
  },
  "totals": {
    "p50_ms": 80.91000800050097,
    "p95_ms": 90.67018120076682
  },
  "fusion": {
    "audio_p50_ms": 0.0069899997470201924,
    "vision_p50_ms": 0.0007515027391491458,
    "combined_p50_ms": 0.007741502486169338,
    "score_mean": 0.6589296730420047,
    "audio_conf_mean": 0.6681877721681662,
    "vision_conf_mean": 0.6513548646660542
  },
  "fsm": {
    "final_state_counts": {
      "RESPONDING": 20
    }
  }
}
